{
  "models": [
    {
      "short_name": "Qwen2-0.5B",
      "n_layers": 24,
      "pct_int8": 91.66666666666667,
      "pct_fp16": 8.333333333333334,
      "median_ratio": 5.310023731010179,
      "max_ratio": 16.17749625194688
    },
    {
      "short_name": "Qwen2-1.5B",
      "n_layers": 28,
      "pct_int8": 97.09821428571429,
      "pct_fp16": 2.9017857142857144,
      "median_ratio": 4.2,
      "max_ratio": 14.293116843315316
    },
    {
      "short_name": "Qwen2.5-3B",
      "n_layers": 36,
      "pct_int8": 96.63628472222223,
      "pct_fp16": 3.3637152777777777,
      "median_ratio": 4.069484856791238,
      "max_ratio": 32.48943119636649
    }
  ]
}