{
  "model": "microsoft/phi-2",
  "total_tiles": 4096,
  "n_fp16": 1683,
  "n_int8": 2413,
  "pct_fp16": 41.0888671875,
  "pct_int8": 58.9111328125,
  "median_ratio": 5.930391227031407,
  "max_ratio": 40.98509855602259,
  "seq_lens": [
    512,
    512
  ],
  "per_layer_fp16_pct": [
    0.0,
    0.0,
    100.0,
    53.125,
    100.0,
    0.0,
    0.0,
    100.0,
    0.0,
    0.0,
    0.0,
    0.0,
    0.0,
    0.0,
    100.0,
    0.0,
    0.0,
    0.0,
    100.0,
    0.0,
    100.0,
    100.0,
    100.0,
    100.0,
    0.0,
    100.0,
    100.0,
    97.65625,
    64.0625,
    0.0,
    0.0,
    0.0
  ],
  "per_layer_kv_outlier_pct": [
    23.75,
    2.1875,
    2.8125,
    3.125,
    3.75,
    1.875,
    4.0625,
    1.5625,
    0.0,
    1.5625,
    1.5625,
    2.5,
    0.3125,
    1.5625,
    1.25,
    0.625,
    0.0,
    0.9375000000000001,
    0.625,
    0.625,
    0.3125,
    1.25,
    0.0,
    1.25,
    1.875,
    0.625,
    2.1875,
    1.5625,
    3.125,
    32.8125,
    0.0,
    0.0
  ],
  "n_layers": 32,
  "num_q_heads": 32,
  "num_kv_heads": 32,
  "head_dim": 80
}